action,record_type,serial_title,nlm_unique_id,holdings_format,begin_volume,end_volume,begin_year,end_year,issns,currently_received,retention_policy,limited_retention_period,limited_retention_type,embargo_period,has_epub_ahead_of_print,has_supplements,ignore_warnings,last_modified
ADD,HOLDING,British journal of dermatology,NLM_0004041,Electronic,,,,,nan,Yes,Permanently Retained,,Years,,No,No,Yes,
ADD,RANGE,British journal of dermatology,NLM_0004041,Electronic,,,1892,,nan,Yes,Permanently Retained,,Years,,No,No,Yes,
ADD,HOLDING,Pharmacology,NLM_0152016,Electronic,,,,,nan,Yes,Permanently Retained,,Years,,No,No,Yes,
ADD,RANGE,,,,,,2015,,,,,,,,,,Yes,
ADD,HOLDING,American journal of nursing,NLM_0372646,Electronic,,,,,nan,Yes,Permanently Retained,,Years,,No,No,Yes,
ADD,RANGE,American journal of nursing,NLM_0372646,Electronic,,,1900,,nan,Yes,Permanently Retained,,Years,,No,No,Yes,
ADD,HOLDING,Plant systematics and evolution = Entwicklungsgeschichte und Systematik der Pflanzen,NLM_100954729,Electronic,,,,,nan,Yes,Permanently Retained,,Years,,No,No,Yes,
ADD,RANGE,,,,,,1974,,,,,,,,,,Yes,
ADD,HOLDING,Clinical toxicology,NLM_101241654,Electronic,,,,,nan,Yes,Permanently Retained,,Years,,No,No,Yes,
ADD,RANGE,Clinical toxicology,NLM_101241654,Electronic,,,1997,,nan,Yes,Permanently Retained,,Years,,No,No,Yes,
ADD,HOLDING,Psychological medicine,NLM_1254142,Electronic,,,,,nan,Yes,Permanently Retained,,Years,,No,No,Yes,
ADD,RANGE,,,,,,1970,1996,,,,,,,,,Yes,
ADD,RANGE,Psychological medicine,NLM_1254142,Electronic,,,1997,,nan,Yes,Permanently Retained,,Years,,No,No,Yes,
ADD,HOLDING,Current problems in diagnostic radiology,NLM_7607123,Electronic,,,,,nan,Yes,Permanently Retained,,Years,,No,No,Yes,
ADD,RANGE,Current problems in diagnostic radiology,NLM_7607123,Electronic,,,1976,1994,nan,No,Permanently Retained,,Years,,No,No,Yes,
ADD,RANGE,,,,,,1995,,,,,,,,,,Yes,
ADD,HOLDING,Journal of hand surgery,NLM_7609631,Electronic,,,,,nan,Yes,Permanently Retained,,Years,,No,No,Yes,
ADD,RANGE,Journal of hand surgery,NLM_7609631,Electronic,,,1976,,nan,Yes,Permanently Retained,,Years,,No,No,Yes,
ADD,HOLDING,Hemoglobin,NLM_7705865,Electronic,,,,,nan,Yes,Permanently Retained,,Years,,No,No,Yes,
ADD,RANGE,,,,,,1997,,,,,,,,,,Yes,
ADD,HOLDING,Journal of cardiovascular pharmacology,NLM_7902492,Electronic,,,,,nan,Yes,Permanently Retained,,Years,,No,No,Yes,
ADD,RANGE,Journal of cardiovascular pharmacology,NLM_7902492,Electronic,,,1979,,nan,Yes,Permanently Retained,,Years,,No,No,Yes,
ADD,HOLDING,Biomedical research,NLM_8100317,Electronic,,,,,nan,Yes,Permanently Retained,,Years,,No,No,Yes,
ADD,RANGE,,,,,,1898,,,,,,,,,,Yes,
ADD,HOLDING,,,,,,,,,,,,,,,,Yes,
ADD,RANGE,Current eye research,NLM_8104312,Electronic,,,1997,,nan,Yes,Permanently Retained,,Years,,No,No,Yes,
ADD,HOLDING,Dermatologic clinics,NLM_8300886,Electronic,,,,,nan,Yes,Permanently Retained,,Years,,No,No,Yes,
ADD,RANGE,Dermatologic clinics,NLM_8300886,Electronic,,,1983,,nan,Yes,Permanently Retained,,Years,,No,No,Yes,
ADD,HOLDING,,,,,,,,,,,,,,,,Yes,
ADD,RANGE,,,,,,2011,2018,,,,,,,,,Yes,
ADD,HOLDING,Diabetic medicine,NLM_8500858,Electronic,,,,,nan,Yes,Permanently Retained,,Years,,No,No,Yes,
ADD,RANGE,Diabetic medicine,NLM_8500858,Electronic,,,1984,1996,nan,No,Permanently Retained,,Years,,No,No,Yes,
ADD,RANGE,Diabetic medicine,NLM_8500858,Electronic,,,1997,,nan,Yes,Permanently Retained,,Years,,No,No,Yes,
ADD,HOLDING,,,,,,,,,,,,,,,,Yes,
ADD,RANGE,Chronobiology international,NLM_8501362,Electronic,,,1997,,nan,Yes,Permanently Retained,,Years,,No,No,Yes,
ADD,HOLDING,Critical care clinics,NLM_8507720,Electronic,,,,,nan,Yes,Permanently Retained,,Years,,No,No,Yes,
ADD,RANGE,Critical care clinics,NLM_8507720,Electronic,,,1985,,nan,Yes,Permanently Retained,,Years,,No,No,Yes,
ADD,HOLDING,,,,,,,,,,,,,,,,Yes,
ADD,RANGE,Annals of behavioral medicine,NLM_8510246,Electronic,,,1996,,nan,Yes,Permanently Retained,,Years,,No,No,Yes,
ADD,HOLDING,Midwifery,NLM_8510930,Electronic,,,,,nan,Yes,Permanently Retained,,Years,,No,No,Yes,
ADD,RANGE,Midwifery,NLM_8510930,Electronic,,,1985,1994,nan,No,Permanently Retained,,Years,,No,No,Yes,
ADD,RANGE,,,,,,1995,,,,,,,,,,Yes,
ADD,HOLDING,Baillière's clinical endocrinology and metabolism,NLM_8704785,Electronic,,,,,nan,No,Permanently Retained,,Years,,No,No,Yes,
ADD,RANGE,Baillière's clinical endocrinology and metabolism,NLM_8704785,Electronic,,,1987,1994,nan,No,Permanently Retained,,Years,,No,No,Yes,
ADD,RANGE,Baillière's clinical endocrinology and metabolism,NLM_8704785,Electronic,,,1995,1998,nan,No,Permanently Retained,,Years,,No,No,Yes,
ADD,HOLDING,,,,,,,,,,,,,,,,Yes,
ADD,RANGE,Blood reviews,NLM_8708558,Electronic,,,1987,1994,nan,No,Permanently Retained,,Years,,No,No,Yes,
ADD,RANGE,Blood reviews,NLM_8708558,Electronic,,,1995,,nan,Yes,Permanently Retained,,Years,,No,No,Yes,
ADD,HOLDING,AIDS,NLM_8710219,Electronic,,,,,nan,Yes,Permanently Retained,,Years,,No,No,Yes,
ADD,RANGE,,,,,,1988,,,,,,,,,,Yes,
ADD,HOLDING,Fundamental & clinical pharmacology,NLM_8710411,Electronic,,,,,nan,Yes,Permanently Retained,,Years,,No,No,Yes,
ADD,RANGE,Fundamental & clinical pharmacology,NLM_8710411,Electronic,,,1987,1996,nan,No,Permanently Retained,,Years,,No,No,Yes,
ADD,RANGE,Fundamental & clinical pharmacology,NLM_8710411,Electronic,,,1997,,nan,Yes,Permanently Retained,,Years,,No,No,Yes,
ADD,HOLDING,,,,,,,,,,,,,,,,Yes,
ADD,RANGE,Clinical laboratory science journal of the American Society for Medical Technology,NLM_8806547,Electronic,,,2006,2011,nan,No,Permanently Retained,,Years,,No,No,Yes,
ADD,HOLDING,Biomedical instrumentation & technology / Association for the Advancement of Medical Instrumentation,NLM_8905560,Electronic,,,,,nan,Yes,Permanently Retained,,Years,,No,No,Yes,
ADD,RANGE,Biomedical instrumentation & technology / Association for the Advancement of Medical Instrumentation,NLM_8905560,Electronic,,,2021,,nan,Yes,Permanently Retained,,Years,,No,No,Yes,
ADD,HOLDING,,,,,,,,,,,,,,,,Yes,
ADD,RANGE,Critical care nursing clinics of North America,NLM_8912620,Electronic,,,1989,,nan,Yes,Permanently Retained,,Years,,No,No,Yes,
ADD,HOLDING,Critical reviews in toxicology,NLM_8914275,Electronic,,,,,nan,Yes,Permanently Retained,,Years,,No,No,Yes,
ADD,RANGE,Critical reviews in toxicology,NLM_8914275,Electronic,,,1997,,nan,Yes,Permanently Retained,,Years,6,No,No,Yes,
ADD,HOLDING,,,,,,,,,,,,,,,,Yes,
ADD,RANGE,,,,,,1997,,,,,,,18,,,Yes,
ADD,HOLDING,Restorative neurology and neuroscience,NLM_9005499,Electronic,,,,,nan,Yes,Permanently Retained,,Years,,No,No,Yes,
ADD,RANGE,Restorative neurology and neuroscience,NLM_9005499,Electronic,,,1989,,nan,Yes,Permanently Retained,,Years,,No,No,Yes,
ADD,HOLDING,Molecular membrane biology,NLM_9430797,Electronic,,,,,nan,No,Permanently Retained,,Years,,No,No,Yes,
ADD,RANGE,,,,,,1999,2019,,,,,,,,,Yes,
ADD,HOLDING,Foot & ankle international / American Orthopaedic Foot and Ankle Society [and] Swiss Foot and Ankle Society,NLM_9433869,Electronic,,,,,nan,Yes,Permanently Retained,,Years,,No,No,Yes,
ADD,RANGE,Foot & ankle international / American Orthopaedic Foot and Ankle Society [and] Swiss Foot and Ankle Society,NLM_9433869,Electronic,,,1994,1998,nan,No,Permanently Retained,,Years,,No,No,Yes,
ADD,RANGE,Foot & ankle international / American Orthopaedic Foot and Ankle Society [and] Swiss Foot and Ankle Society,NLM_9433869,Electronic,,,1999,,nan,Yes,Permanently Retained,,Years,,No,No,Yes,
ADD,HOLDING,,,,,,,,,,,,,,,,Yes,
ADD,RANGE,Journal of clinical rheumatology JCR,NLM_9518034,Electronic,,,1995,,nan,Yes,Permanently Retained,,Years,,No,No,Yes,
ADD,HOLDING,Journal of ECT,NLM_9808943,Electronic,,,,,nan,Yes,Permanently Retained,,Years,,No,No,Yes,
ADD,RANGE,Journal of ECT,NLM_9808943,Electronic,,,1998,,nan,Yes,Permanently Retained,,Years,,No,No,Yes,
