action,record_type,serial_title,nlm_unique_id,holdings_format,begin_volume,end_volume,begin_year,end_year,issns,currently_received,retention_policy,limited_retention_period,limited_retention_type,embargo_period,has_epub_ahead_of_print,has_supplements,ignore_warnings,last_modified
DELETE,HOLDING,The British journal of dermatology,NLM_0004041,Electronic,,,,,"0007-0963 (Print), 1365-2133 (Electronic)",Yes,Permanently Retained,0,Years,0,No,No,Yes,2018-Oct-12
DELETE,RANGE,The British journal of dermatology,NLM_0004041,Electronic,136,,1997,,"0007-0963 (Print), 1365-2133 (Electronic)",Yes,Permanently Retained,0,Years,0,No,No,Yes,2018-Oct-12
DELETE,HOLDING,Pharmacology,NLM_0152016,Electronic,,,,,"0031-7012 (Print), 1423-0313 (Electronic)",No,Permanently Retained,0,Years,0,No,No,Yes,2018-Oct-12
DELETE,RANGE,Pharmacology,NLM_0152016,Electronic,57,82,1998,2008,"0031-7012 (Print), 1423-0313 (Electronic)",No,Permanently Retained,0,Years,0,No,No,Yes,2018-Oct-12
DELETE,HOLDING,The American journal of nursing,NLM_0372646,Electronic,,,,,"0002-936X (Print), 1538-7488 (Electronic)",Yes,Permanently Retained,0,Years,0,No,No,Yes,2018-Oct-12
DELETE,RANGE,The American journal of nursing,NLM_0372646,Electronic,101,,2001,,"0002-936X (Print), 1538-7488 (Electronic)",Yes,Permanently Retained,0,Years,0,No,No,Yes,2018-Oct-12
DELETE,HOLDING,Plant systematics and evolution = Entwicklungsgeschichte und Systematik der Pflanzen,NLM_100954729,Electronic,,,,,"0378-2697 (Print), 1615-6110 (Electronic)",Yes,Permanently Retained,0,Years,0,No,No,Yes,2018-Oct-12
DELETE,RANGE,Plant systematics and evolution = Entwicklungsgeschichte und Systematik der Pflanzen,NLM_100954729,Electronic,204,,1997,,"0378-2697 (Print), 1615-6110 (Electronic)",Yes,Permanently Retained,0,Years,0,No,No,Yes,2018-Oct-12
DELETE,HOLDING,"Clinical toxicology (Philadelphia, Pa.)",NLM_101241654,Electronic,,,,,"1556-3650 (Print), 1556-9519 (Electronic)",Yes,Permanently Retained,0,Years,0,No,No,Yes,2018-Oct-12
DELETE,RANGE,"Clinical toxicology (Philadelphia, Pa.)",NLM_101241654,Electronic,1,,,,"1556-3650 (Print), 1556-9519 (Electronic)",Yes,Permanently Retained,0,Years,0,No,No,Yes,2018-Oct-12
DELETE,HOLDING,Psychological medicine,NLM_1254142,Electronic,,,,,"0033-2917 (Print), 1469-8978 (Electronic)",Yes,Permanently Retained,0,Years,0,No,No,Yes,2018-Oct-12
DELETE,RANGE,Psychological medicine,NLM_1254142,Electronic,27,,1997,,"0033-2917 (Print), 1469-8978 (Electronic)",Yes,Permanently Retained,0,Years,0,No,No,Yes,2018-Oct-12
DELETE,HOLDING,Current problems in diagnostic radiology,NLM_7607123,Electronic,,,,,"0363-0188 (Print), 1535-6302 (Electronic)",Yes,Permanently Retained,0,Years,0,No,No,Yes,2018-Oct-12
DELETE,RANGE,Current problems in diagnostic radiology,NLM_7607123,Electronic,24,,1995,,"0363-0188 (Print), 1535-6302 (Electronic)",Yes,Permanently Retained,0,Years,0,No,No,Yes,2018-Oct-12
DELETE,HOLDING,The Journal of hand surgery,NLM_7609631,Electronic,,,,,"0363-5023 (Print), 1531-6564 (Electronic)",Yes,Permanently Retained,0,Years,0,No,No,Yes,2018-Oct-12
DELETE,RANGE,The Journal of hand surgery,NLM_7609631,Electronic,20,,1995,,"0363-5023 (Print), 1531-6564 (Electronic)",Yes,Permanently Retained,0,Years,0,No,No,Yes,2018-Oct-12
DELETE,HOLDING,Hemoglobin,NLM_7705865,Electronic,,,,,"0363-0269 (Print), 1532-432X (Electronic)",No,Permanently Retained,0,Years,0,No,No,Yes,2018-Oct-12
DELETE,RANGE,Hemoglobin,NLM_7705865,Electronic,25,32,2001,2008,"0363-0269 (Print), 1532-432X (Electronic)",No,Permanently Retained,0,Years,0,No,No,Yes,2018-Oct-12
DELETE,HOLDING,Journal of cardiovascular pharmacology,NLM_7902492,Electronic,,,,,"0160-2446 (Print), 1533-4023 (Electronic)",Yes,Permanently Retained,0,Years,0,No,No,Yes,2018-Oct-12
DELETE,RANGE,Journal of cardiovascular pharmacology,NLM_7902492,Electronic,27,,1996,,"0160-2446 (Print), 1533-4023 (Electronic)",Yes,Permanently Retained,0,Years,0,No,No,Yes,2018-Oct-12
DELETE,HOLDING,"Biomedical research (Tokyo, Japan)",NLM_8100317,Electronic,,,,,"0388-6107 (Print), 1880-313X (Electronic)",Yes,Permanently Retained,0,Years,0,No,No,Yes,2018-Oct-12
DELETE,RANGE,"Biomedical research (Tokyo, Japan)",NLM_8100317,Electronic,25,,2004,,"0388-6107 (Print), 1880-313X (Electronic)",Yes,Permanently Retained,0,Years,0,No,No,Yes,2018-Oct-12
DELETE,HOLDING,Current eye research,NLM_8104312,Electronic,,,,,"0271-3683 (Print), 1460-2202 (Electronic)",Yes,Permanently Retained,0,Years,0,No,No,Yes,2018-Oct-12
DELETE,RANGE,Current eye research,NLM_8104312,Electronic,1,,1981,,"0271-3683 (Print), 1460-2202 (Electronic)",Yes,Permanently Retained,0,Years,0,No,No,Yes,2018-Oct-12
DELETE,HOLDING,Dermatologic clinics,NLM_8300886,Electronic,,,,,"0733-8635 (Print), 1558-0520 (Electronic)",Yes,Permanently Retained,0,Years,0,No,No,Yes,2018-Oct-12
DELETE,RANGE,Dermatologic clinics,NLM_8300886,Electronic,14,,1996,,"0733-8635 (Print), 1558-0520 (Electronic)",Yes,Permanently Retained,0,Years,0,No,No,Yes,2018-Oct-12
DELETE,HOLDING,Journal of biomolecular structure & dynamics,NLM_8404176,Electronic,,,,,"0739-1102 (Print), 1538-0254 (Electronic)",Yes,Permanently Retained,0,Years,0,No,No,Yes,2018-Oct-12
DELETE,RANGE,Journal of biomolecular structure & dynamics,NLM_8404176,Electronic,17,,2000,,"0739-1102 (Print), 1538-0254 (Electronic)",Yes,Permanently Retained,0,Years,0,No,No,Yes,2018-Oct-12
DELETE,HOLDING,Diabetic medicine : a journal of the British Diabetic Association,NLM_8500858,Electronic,,,,,"0742-3071 (Print), 1464-5491 (Electronic)",Yes,Permanently Retained,0,Years,0,No,No,Yes,2018-Oct-12
DELETE,RANGE,Diabetic medicine : a journal of the British Diabetic Association,NLM_8500858,Electronic,16,,1999,,"0742-3071 (Print), 1464-5491 (Electronic)",Yes,Permanently Retained,0,Years,0,No,No,Yes,2018-Oct-12
DELETE,HOLDING,Chronobiology international,NLM_8501362,Electronic,,,,,"0742-0528 (Print), 1525-6073 (Electronic)",Yes,Permanently Retained,0,Years,0,No,No,Yes,2018-Oct-12
DELETE,RANGE,Chronobiology international,NLM_8501362,Electronic,1,,1984,,"0742-0528 (Print), 1525-6073 (Electronic)",Yes,Permanently Retained,0,Years,0,No,No,Yes,2018-Oct-12
DELETE,HOLDING,Critical care clinics,NLM_8507720,Electronic,,,,,"0749-0704 (Print), 1557-8232 (Electronic)",Yes,Permanently Retained,0,Years,0,No,No,Yes,2018-Oct-12
DELETE,RANGE,Critical care clinics,NLM_8507720,Electronic,12,,1996,,"0749-0704 (Print), 1557-8232 (Electronic)",Yes,Permanently Retained,0,Years,0,No,No,Yes,2018-Oct-12
DELETE,HOLDING,Annals of behavioral medicine : a publication of the Society of Behavioral Medicine,NLM_8510246,Electronic,,,,,"0883-6612 (Print), 1532-4796 (Electronic)",Yes,Permanently Retained,0,Years,0,No,No,Yes,2018-Oct-12
DELETE,RANGE,Annals of behavioral medicine : a publication of the Society of Behavioral Medicine,NLM_8510246,Electronic,17,,1995,,"0883-6612 (Print), 1532-4796 (Electronic)",Yes,Permanently Retained,0,Years,0,No,No,Yes,2018-Oct-12
DELETE,HOLDING,Midwifery,NLM_8510930,Electronic,,,,,"0266-6138 (Print), 1532-3099 (Electronic)",Yes,Permanently Retained,0,Years,0,No,No,Yes,2018-Oct-12
DELETE,RANGE,Midwifery,NLM_8510930,Electronic,11,,1995,,"0266-6138 (Print), 1532-3099 (Electronic)",Yes,Permanently Retained,0,Years,0,No,No,Yes,2018-Oct-12
DELETE,HOLDING,Baillière's clinical endocrinology and metabolism,NLM_8704785,Electronic,,,,,"0950-351X (Print), 1878-0881 (Electronic)",No,Permanently Retained,0,Years,0,No,No,Yes,2018-Oct-12
DELETE,RANGE,Baillière's clinical endocrinology and metabolism,NLM_8704785,Electronic,9,12,1995,1998,"0950-351X (Print), 1878-0881 (Electronic)",No,Permanently Retained,0,Years,0,No,No,Yes,2018-Oct-12
DELETE,HOLDING,Blood reviews,NLM_8708558,Electronic,,,,,"0268-960X (Print), 1532-1681 (Electronic)",Yes,Permanently Retained,0,Years,0,No,No,Yes,2018-Oct-12
DELETE,RANGE,Blood reviews,NLM_8708558,Electronic,9,,1995,,"0268-960X (Print), 1532-1681 (Electronic)",Yes,Permanently Retained,0,Years,0,No,No,Yes,2018-Oct-12
DELETE,HOLDING,"AIDS (London, England)",NLM_8710219,Electronic,,,,,"0269-9370 (Print), 1473-5571 (Electronic)",Yes,Permanently Retained,0,Years,0,No,No,Yes,2018-Oct-12
DELETE,RANGE,"AIDS (London, England)",NLM_8710219,Electronic,11,,1997,,"0269-9370 (Print), 1473-5571 (Electronic)",Yes,Permanently Retained,0,Years,0,No,No,Yes,2018-Oct-12
DELETE,HOLDING,Fundamental & clinical pharmacology,NLM_8710411,Electronic,,,,,"0767-3981 (Print), 1472-8206 (Electronic)",Yes,Permanently Retained,0,Years,0,No,No,Yes,2018-Oct-12
DELETE,RANGE,Fundamental & clinical pharmacology,NLM_8710411,Electronic,15,,2001,,"0767-3981 (Print), 1472-8206 (Electronic)",Yes,Permanently Retained,0,Years,0,No,No,Yes,2018-Oct-12
DELETE,HOLDING,Clinical laboratory science : journal of the American Society for Medical Technology,NLM_8806547,Electronic,,,,,"0894-959X (Print), 1945-3574 (Electronic)",Yes,Permanently Retained,0,Years,0,No,No,Yes,2018-Oct-12
DELETE,RANGE,Clinical laboratory science : journal of the American Society for Medical Technology,NLM_8806547,Electronic,14,,2001,,"0894-959X (Print), 1945-3574 (Electronic)",Yes,Permanently Retained,0,Years,0,No,No,Yes,2018-Oct-12
DELETE,HOLDING,Biomedical instrumentation & technology,NLM_8905560,Electronic,,,,,"0899-8205 (Print), 1943-5967 (Electronic)",Yes,Permanently Retained,0,Years,0,No,No,Yes,2018-Oct-12
DELETE,RANGE,Biomedical instrumentation & technology,NLM_8905560,Electronic,36,,2002,,"0899-8205 (Print), 1943-5967 (Electronic)",Yes,Permanently Retained,0,Years,0,No,No,Yes,2018-Oct-12
DELETE,HOLDING,Critical care nursing clinics of North America,NLM_8912620,Electronic,,,,,"0899-5885 (Print), 1558-3481 (Electronic)",Yes,Permanently Retained,0,Years,0,No,No,Yes,2018-Oct-12
DELETE,RANGE,Critical care nursing clinics of North America,NLM_8912620,Electronic,14,,2002,,"0899-5885 (Print), 1558-3481 (Electronic)",Yes,Permanently Retained,0,Years,0,No,No,Yes,2018-Oct-12
DELETE,HOLDING,Critical reviews in toxicology,NLM_8914275,Electronic,,,,,"1040-8444 (Print), 1547-6898 (Electronic)",Yes,Permanently Retained,0,Years,0,No,No,Yes,2018-Oct-12
DELETE,RANGE,Critical reviews in toxicology,NLM_8914275,Electronic,27,,1997,,"1040-8444 (Print), 1547-6898 (Electronic)",Yes,Permanently Retained,0,Years,0,No,No,Yes,2018-Oct-12
DELETE,HOLDING,Critical reviews in clinical laboratory sciences,NLM_8914816,Electronic,,,,,"1040-8363 (Print), 1549-781X (Electronic)",No,Permanently Retained,0,Years,0,No,No,Yes,2018-Oct-12
DELETE,RANGE,Critical reviews in clinical laboratory sciences,NLM_8914816,Electronic,34,45,1997,2008,"1040-8363 (Print), 1549-781X (Electronic)",No,Permanently Retained,0,Years,0,No,No,Yes,2018-Oct-12
DELETE,HOLDING,Restorative neurology and neuroscience,NLM_9005499,Electronic,,,,,"0922-6028 (Print), 1878-3627 (Electronic)",No,Permanently Retained,0,Years,0,No,No,Yes,2018-Oct-12
DELETE,RANGE,Restorative neurology and neuroscience,NLM_9005499,Electronic,13,26,1998,2008,"0922-6028 (Print), 1878-3627 (Electronic)",No,Permanently Retained,0,Years,0,No,No,Yes,2018-Oct-12
DELETE,HOLDING,Molecular membrane biology,NLM_9430797,Electronic,,,,,"0968-7688 (Print), 1464-5203 (Electronic)",No,Permanently Retained,0,Years,0,No,No,Yes,2018-Oct-12
DELETE,RANGE,Molecular membrane biology,NLM_9430797,Electronic,16,25,1999,2008,"0968-7688 (Print), 1464-5203 (Electronic)",No,Permanently Retained,0,Years,0,No,No,Yes,2018-Oct-12
DELETE,HOLDING,Foot & ankle international,NLM_9433869,Electronic,,,,,"1071-1007 (Print), 1944-7876 (Electronic)",Yes,Permanently Retained,0,Years,0,No,No,Yes,2018-Oct-12
DELETE,RANGE,Foot & ankle international,NLM_9433869,Electronic,20,,1999,,"1071-1007 (Print), 1944-7876 (Electronic)",Yes,Permanently Retained,0,Years,0,No,No,Yes,2018-Oct-12
DELETE,HOLDING,Journal of clinical rheumatology : practical reports on rheumatic & musculoskeletal diseases,NLM_9518034,Electronic,,,,,"1076-1608 (Print), 1536-7355 (Electronic)",Yes,Permanently Retained,0,Years,0,No,No,Yes,2018-Oct-12
DELETE,RANGE,Journal of clinical rheumatology : practical reports on rheumatic & musculoskeletal diseases,NLM_9518034,Electronic,4,,1998,,"1076-1608 (Print), 1536-7355 (Electronic)",Yes,Permanently Retained,0,Years,0,No,No,Yes,2018-Oct-12
DELETE,HOLDING,The journal of ECT,NLM_9808943,Electronic,,,,,"1095-0680 (Print), 1533-4112 (Electronic)",Yes,Permanently Retained,0,Years,0,No,No,Yes,2018-Oct-12
DELETE,RANGE,The journal of ECT,NLM_9808943,Electronic,16,,2000,,"1095-0680 (Print), 1533-4112 (Electronic)",Yes,Permanently Retained,0,Years,0,No,No,Yes,2018-Oct-12
