action,record_type,serial_title,nlm_unique_id,holdings_format,begin_volume,end_volume,begin_year,end_year,issns,currently_received,retention_policy,limited_retention_period,limited_retention_type,embargo_period,has_epub_ahead_of_print,has_supplements,ignore_warnings,last_modified,Lifecycle,Bibliographic Lifecycle
ADD,HOLDING,AIDS,NLM_8710219,Electronic,,,,,,No,Permanently Retained,,Years,,No,No,Yes,,,In Repository
ADD,RANGE,AIDS,NLM_8710219,Electronic,,,1988,2013,,No,Permanently Retained,,Years,,No,No,Yes,,,In Repository
ADD,RANGE,AIDS,NLM_8710219,Electronic,,,1997,2014,,No,Permanently Retained,,Years,,No,No,Yes,,,In Repository
ADD,RANGE,AIDS,NLM_8710219,Electronic,,,1997,,,No,Permanently Retained,,Years,,No,No,Yes,,,In Repository
ADD,HOLDING,American journal of nursing,NLM_0372646,Electronic,,,,,,No,Permanently Retained,,Years,,No,No,Yes,,,In Repository
ADD,RANGE,American journal of nursing,NLM_0372646,Electronic,,,1900,1930,,No,Permanently Retained,,Years,,No,No,Yes,,,In Repository
ADD,RANGE,American journal of nursing,NLM_0372646,Electronic,,,1900,2013,,No,Permanently Retained,,Years,,No,No,Yes,,,In Repository
ADD,RANGE,American journal of nursing,NLM_0372646,Electronic,,,1931,,,No,Permanently Retained,,Years,,No,No,Yes,,,In Repository
ADD,HOLDING,Annals of behavioral medicine,NLM_8510246,Electronic,,,,,,Yes,Permanently Retained,,Years,,No,No,Yes,,,In Repository
ADD,RANGE,Annals of behavioral medicine,NLM_8510246,Electronic,,,1996,,,Yes,Permanently Retained,,Years,,No,No,Yes,,,In Repository
ADD,HOLDING,Baillière's clinical endocrinology and metabolism,NLM_8704785,Electronic,,,,,,No,Permanently Retained,,Years,,No,No,Yes,,,In Repository
ADD,RANGE,Baillière's clinical endocrinology and metabolism,NLM_8704785,Electronic,,,1987,1994,,No,Permanently Retained,,Years,,No,No,Yes,,,In Repository
ADD,RANGE,Baillière's clinical endocrinology and metabolism,NLM_8704785,Electronic,,,1995,1998,,No,Permanently Retained,,Years,,No,No,Yes,,,In Repository
ADD,HOLDING,Biomedical instrumentation & technology / Association for the Advancement of Medical Instrumentation,NLM_8905560,Electronic,,,,,,Yes,Permanently Retained,,Years,,No,No,Yes,,,In Repository
ADD,RANGE,Biomedical instrumentation & technology / Association for the Advancement of Medical Instrumentation,NLM_8905560,Electronic,,,2021,,,Yes,Permanently Retained,,Years,,No,No,Yes,,,In Repository
ADD,HOLDING,Biomedical research,NLM_8100317,Electronic,,,,,,Yes,Permanently Retained,,Years,,No,No,Yes,,,In Repository
ADD,RANGE,Biomedical research,NLM_8100317,Electronic,,,1898,,,Yes,Permanently Retained,,Years,,No,No,Yes,,,In Repository
ADD,HOLDING,Blood reviews,NLM_8708558,Electronic,,,,,,No,Permanently Retained,,Years,,No,No,Yes,,,In Repository
ADD,RANGE,Blood reviews,NLM_8708558,Electronic,,,1987,1994,,No,Permanently Retained,,Years,,No,No,Yes,,,In Repository
ADD,RANGE,Blood reviews,NLM_8708558,Electronic,,,1995,,,No,Permanently Retained,,Years,,No,No,Yes,,,In Repository
ADD,RANGE,Blood reviews,NLM_8708558,Electronic,,,2007,,,No,Permanently Retained,,Years,,No,No,Yes,,,In Repository
ADD,HOLDING,British journal of dermatology,NLM_0004041,Electronic,,,,,,No,Permanently Retained,,Years,,No,No,Yes,,,In Repository
ADD,RANGE,British journal of dermatology,NLM_0004041,Electronic,,,1892,1996,,No,Permanently Retained,,Years,,No,No,Yes,,,In Repository
ADD,RANGE,British journal of dermatology,NLM_0004041,Electronic,,,1996,,,No,Permanently Retained,,Years,,No,No,Yes,,,In Repository
ADD,HOLDING,Cerebral cortex,NLM_9110718,Electronic,,,,,,Yes,Permanently Retained,,Years,,No,No,Yes,,,In Repository
ADD,RANGE,Cerebral cortex,NLM_9110718,Electronic,,,1996,,,Yes,Permanently Retained,,Years,,No,No,Yes,,,In Repository
ADD,HOLDING,Chronobiology international,NLM_8501362,Electronic,,,,,,Yes,Permanently Retained,,Years,,No,No,Yes,,,In Repository
ADD,RANGE,Chronobiology international,NLM_8501362,Electronic,,,1997,,,Yes,Permanently Retained,,Years,,No,No,Yes,,,In Repository
ADD,HOLDING,Clinical toxicology,NLM_101241654,Electronic,,,,,,Yes,Permanently Retained,,Years,,No,No,Yes,,,In Repository
ADD,RANGE,Clinical toxicology,NLM_101241654,Electronic,,,1997,,,Yes,Permanently Retained,,Years,,No,No,Yes,,,In Repository
ADD,RANGE,Clinical toxicology,NLM_101241654,Electronic,,,2005,,,Yes,Permanently Retained,,Years,,No,No,Yes,,,In Repository
ADD,HOLDING,Critical care clinics,NLM_8507720,Electronic,,,,,,Yes,Permanently Retained,,Years,,No,No,Yes,,,In Repository
ADD,RANGE,Critical care clinics,NLM_8507720,Electronic,,,1985,,,Yes,Permanently Retained,,Years,,No,No,Yes,,,In Repository
ADD,RANGE,Critical care clinics,NLM_8507720,Electronic,,,2007,,,Yes,Permanently Retained,,Years,,No,No,Yes,,,In Repository
ADD,HOLDING,Critical care nursing clinics of North America,NLM_8912620,Electronic,,,,,,Yes,Permanently Retained,,Years,,No,No,Yes,,,In Repository
ADD,RANGE,Critical care nursing clinics of North America,NLM_8912620,Electronic,,,1989,,,Yes,Permanently Retained,,Years,,No,No,Yes,,,In Repository
ADD,HOLDING,Critical reviews in toxicology,NLM_8914275,Electronic,,,,,,No,Permanently Retained,,Years,,No,No,Yes,,,In Repository
ADD,RANGE,Critical reviews in toxicology,NLM_8914275,Electronic,,,1997,,,No,Permanently Retained,,Years,,No,No,Yes,,,In Repository
ADD,RANGE,Critical reviews in toxicology,NLM_8914275,Electronic,,,1998,2008,,No,Permanently Retained,,Years,,No,No,Yes,,,In Repository
ADD,RANGE,Critical reviews in toxicology,NLM_8914275,Electronic,,,2002,,,No,Permanently Retained,,Years,6,No,No,Yes,,,In Repository
ADD,HOLDING,Current eye research,NLM_8104312,Electronic,,,,,,No,Permanently Retained,,Years,,No,No,Yes,,,In Repository
ADD,RANGE,Current eye research,NLM_8104312,Electronic,,,1997,,,No,Permanently Retained,,Years,,No,No,Yes,,,In Repository
ADD,RANGE,Current eye research,NLM_8104312,Electronic,,,1998,,,No,Permanently Retained,,Years,,No,No,Yes,,,In Repository
ADD,RANGE,Current eye research,NLM_8104312,Electronic,,,1999,2004,,No,Permanently Retained,,Years,,No,No,Yes,,,In Repository
ADD,HOLDING,Current problems in diagnostic radiology,NLM_7607123,Electronic,,,,,,No,Permanently Retained,,Years,,No,No,Yes,,,In Repository
ADD,RANGE,Current problems in diagnostic radiology,NLM_7607123,Electronic,,,1976,1994,,No,Permanently Retained,,Years,,No,No,Yes,,,In Repository
ADD,RANGE,Current problems in diagnostic radiology,NLM_7607123,Electronic,,,1995,,,No,Permanently Retained,,Years,,No,No,Yes,,,In Repository
ADD,RANGE,Current problems in diagnostic radiology,NLM_7607123,Electronic,,,2007,,,No,Permanently Retained,,Years,,No,No,Yes,,,In Repository
ADD,HOLDING,Dermatologic clinics,NLM_8300886,Electronic,,,,,,Yes,Permanently Retained,,Years,,No,No,Yes,,,In Repository
ADD,RANGE,Dermatologic clinics,NLM_8300886,Electronic,,,1983,,,Yes,Permanently Retained,,Years,,No,No,Yes,,,In Repository
ADD,RANGE,Dermatologic clinics,NLM_8300886,Electronic,,,2007,,,Yes,Permanently Retained,,Years,,No,No,Yes,,,In Repository
ADD,HOLDING,Dermatology international journal for clinical and investigational dermatology,NLM_9203244,Electronic,,,,,,Yes,Permanently Retained,,Years,,No,No,Yes,,,In Repository
ADD,RANGE,Dermatology international journal for clinical and investigational dermatology,NLM_9203244,Electronic,,,1998,,,Yes,Permanently Retained,,Years,,No,No,Yes,,,In Repository
ADD,HOLDING,Diabetic medicine,NLM_8500858,Electronic,,,,,,No,Permanently Retained,,Years,,No,No,Yes,,,In Repository
ADD,RANGE,Diabetic medicine,NLM_8500858,Electronic,,,1984,1996,,No,Permanently Retained,,Years,,No,No,Yes,,,In Repository
ADD,RANGE,Diabetic medicine,NLM_8500858,Electronic,,,1997,,,No,Permanently Retained,,Years,,No,No,Yes,,,In Repository
ADD,HOLDING,Ethnicity & disease,NLM_9109034,Electronic,,,,,,No,Permanently Retained,,Years,,No,No,Yes,,,In Repository
ADD,RANGE,Ethnicity & disease,NLM_9109034,Electronic,,,2003,2022,,No,Permanently Retained,,Years,,No,No,Yes,,,In Repository
ADD,RANGE,Ethnicity & disease,NLM_9109034,Electronic,,,2023,,,No,Permanently Retained,,Years,,No,No,Yes,,,In Repository
ADD,RANGE,Ethnicity & disease,NLM_9109034,Electronic,,,2015,,,No,Permanently Retained,,Years,6,No,No,Yes,,,In Repository
ADD,HOLDING,European journal of clinical pharmacology,NLM_1256165,Electronic,,,,,,Yes,Permanently Retained,,Years,,No,No,Yes,,,In Repository
ADD,RANGE,European journal of clinical pharmacology,NLM_1256165,Electronic,,,1997,,,Yes,Permanently Retained,,Years,,No,No,Yes,,,In Repository
ADD,HOLDING,Foot & ankle international / American Orthopaedic Foot and Ankle Society [and] Swiss Foot and Ankle Society,NLM_9433869,Electronic,,,,,,No,Permanently Retained,,Years,,No,No,Yes,,,In Repository
ADD,RANGE,Foot & ankle international / American Orthopaedic Foot and Ankle Society [and] Swiss Foot and Ankle Society,NLM_9433869,Electronic,,,1994,1998,,No,Permanently Retained,,Years,,No,No,Yes,,,In Repository
ADD,RANGE,Foot & ankle international / American Orthopaedic Foot and Ankle Society [and] Swiss Foot and Ankle Society,NLM_9433869,Electronic,,,1999,2009,,No,Permanently Retained,,Years,,No,No,Yes,,,In Repository
ADD,RANGE,Foot & ankle international / American Orthopaedic Foot and Ankle Society [and] Swiss Foot and Ankle Society,NLM_9433869,Electronic,,,1999,,,No,Permanently Retained,,Years,,No,No,Yes,,,In Repository
ADD,RANGE,Foot & ankle international / American Orthopaedic Foot and Ankle Society [and] Swiss Foot and Ankle Society,NLM_9433869,Electronic,,,2010,2019,,No,Permanently Retained,,Years,,No,No,Yes,,,In Repository
ADD,HOLDING,Fundamental & clinical pharmacology,NLM_8710411,Electronic,,,,,,No,Permanently Retained,,Years,,No,No,Yes,,,In Repository
ADD,RANGE,Fundamental & clinical pharmacology,NLM_8710411,Electronic,,,1987,1996,,No,Permanently Retained,,Years,,No,No,Yes,,,In Repository
ADD,RANGE,Fundamental & clinical pharmacology,NLM_8710411,Electronic,,,1997,,,No,Permanently Retained,,Years,,No,No,Yes,,,In Repository
ADD,RANGE,Fundamental & clinical pharmacology,NLM_8710411,Electronic,,,2001,,,No,Permanently Retained,,Years,,No,No,Yes,,,In Repository
ADD,HOLDING,Journal of ECT,NLM_9808943,Electronic,,,,,,No,Permanently Retained,,Years,,No,No,Yes,,,In Repository
ADD,RANGE,Journal of ECT,NLM_9808943,Electronic,,,1998,2012,,No,Permanently Retained,,Years,,No,No,Yes,,,In Repository
ADD,RANGE,Journal of ECT,NLM_9808943,Electronic,,,2000,2014,,No,Permanently Retained,,Years,,No,No,Yes,,,In Repository
ADD,RANGE,Journal of ECT,NLM_9808943,Electronic,,,2000,,,No,Permanently Retained,,Years,,No,No,Yes,,,In Repository
ADD,HOLDING,Journal of cardiovascular pharmacology,NLM_7902492,Electronic,,,,,,No,Permanently Retained,,Years,,No,No,Yes,,,In Repository
ADD,RANGE,Journal of cardiovascular pharmacology,NLM_7902492,Electronic,,,1979,2012,,No,Permanently Retained,,Years,,No,No,Yes,,,In Repository
ADD,RANGE,Journal of cardiovascular pharmacology,NLM_7902492,Electronic,,,1996,2014,,No,Permanently Retained,,Years,,No,No,Yes,,,In Repository
ADD,RANGE,Journal of cardiovascular pharmacology,NLM_7902492,Electronic,,,1996,,,No,Permanently Retained,,Years,,No,No,Yes,,,In Repository
ADD,HOLDING,Journal of clinical oncology official journal of the American Society of Clinical Oncology,NLM_8309333,Electronic,,,,,,Yes,Permanently Retained,,Years,,No,No,Yes,,,In Repository
ADD,RANGE,Journal of clinical oncology official journal of the American Society of Clinical Oncology,NLM_8309333,Electronic,,,1983,,,Yes,Permanently Retained,,Years,,No,No,Yes,,,In Repository
ADD,RANGE,Journal of clinical oncology official journal of the American Society of Clinical Oncology,NLM_8309333,Electronic,,,2002,,,Yes,Permanently Retained,,Years,,No,No,Yes,,,In Repository
ADD,HOLDING,Journal of clinical rheumatology JCR,NLM_9518034,Electronic,,,,,,No,Permanently Retained,,Years,,No,No,Yes,,,In Repository
ADD,RANGE,Journal of clinical rheumatology JCR,NLM_9518034,Electronic,,,1995,2012,,No,Permanently Retained,,Years,,No,No,Yes,,,In Repository
ADD,RANGE,Journal of clinical rheumatology JCR,NLM_9518034,Electronic,,,1998,2014,,No,Permanently Retained,,Years,,No,No,Yes,,,In Repository
ADD,RANGE,Journal of clinical rheumatology JCR,NLM_9518034,Electronic,,,1998,,,No,Permanently Retained,,Years,,No,No,Yes,,,In Repository
ADD,HOLDING,Journal of general internal medicine JGIM,NLM_8605834,Electronic,,,,,,No,Permanently Retained,,Years,,No,No,Yes,,,In Repository
ADD,RANGE,Journal of general internal medicine JGIM,NLM_8605834,Electronic,,,1997,2006,,No,Permanently Retained,,Years,,No,No,Yes,,,In Repository
ADD,RANGE,Journal of general internal medicine JGIM,NLM_8605834,Electronic,,,1997,,,No,Permanently Retained,,Years,,No,No,Yes,,,In Repository
ADD,HOLDING,Journal of hand surgery,NLM_7609631,Electronic,,,,,,No,Permanently Retained,,Years,,No,No,Yes,,,In Repository
ADD,RANGE,Journal of hand surgery,NLM_7609631,Electronic,,,1976,1994,,No,Permanently Retained,,Years,,No,No,Yes,,,In Repository
ADD,RANGE,Journal of hand surgery,NLM_7609631,Electronic,,,1976,,,No,Permanently Retained,,Years,,No,No,Yes,,,In Repository
ADD,RANGE,Journal of hand surgery,NLM_7609631,Electronic,,,2007,,,No,Permanently Retained,,Years,,No,No,Yes,,,In Repository
ADD,HOLDING,Journal of the American Society of Nephrology,NLM_9013836,Electronic,,,,,,Yes,Permanently Retained,,Years,,No,No,Yes,,,In Repository
ADD,RANGE,Journal of the American Society of Nephrology,NLM_9013836,Electronic,,,1990,,,Yes,Permanently Retained,,Years,,No,No,Yes,,,In Repository
ADD,RANGE,Journal of the American Society of Nephrology,NLM_9013836,Electronic,,,2008,,,Yes,Permanently Retained,,Years,,No,No,Yes,,,In Repository
ADD,HOLDING,Midwifery,NLM_8510930,Electronic,,,,,,No,Permanently Retained,,Years,,No,No,Yes,,,In Repository
ADD,RANGE,Midwifery,NLM_8510930,Electronic,,,1985,1994,,No,Permanently Retained,,Years,,No,No,Yes,,,In Repository
ADD,RANGE,Midwifery,NLM_8510930,Electronic,,,1995,,,No,Permanently Retained,,Years,,No,No,Yes,,,In Repository
ADD,HOLDING,Molecular membrane biology,NLM_9430797,Electronic,,,,,,No,Permanently Retained,,Years,,No,No,Yes,,,In Repository
ADD,RANGE,Molecular membrane biology,NLM_9430797,Electronic,,,1999,2019,,No,Permanently Retained,,Years,,No,No,Yes,,,In Repository
ADD,HOLDING,Nutrition research reviews,NLM_9113797,Electronic,,,,,,No,Permanently Retained,,Years,,No,No,Yes,,,In Repository
ADD,RANGE,Nutrition research reviews,NLM_9113797,Electronic,,,1988,2004,,No,Permanently Retained,,Years,,No,No,Yes,,,In Repository
ADD,RANGE,Nutrition research reviews,NLM_9113797,Electronic,,,1988,2012,,No,Permanently Retained,,Years,,No,No,Yes,,,In Repository
ADD,RANGE,Nutrition research reviews,NLM_9113797,Electronic,,,1989,,,No,Permanently Retained,,Years,,No,No,Yes,,,In Repository
ADD,RANGE,Nutrition research reviews,NLM_9113797,Electronic,,,2001,,,No,Permanently Retained,,Years,,No,No,Yes,,,In Repository
ADD,HOLDING,Oncogene,NLM_8711562,Electronic,,,,,,No,Permanently Retained,,Years,,No,No,Yes,,,In Repository
ADD,RANGE,Oncogene,NLM_8711562,Electronic,,,1997,2015,,No,Permanently Retained,,Years,,No,No,Yes,,,In Repository
ADD,RANGE,Oncogene,NLM_8711562,Electronic,,,1997,,,No,Permanently Retained,,Years,,No,No,Yes,,,In Repository
ADD,RANGE,Oncogene,NLM_8711562,Electronic,,,2000,2021,,No,Permanently Retained,,Years,,No,No,Yes,,,In Repository
ADD,HOLDING,Plant systematics and evolution = Entwicklungsgeschichte und Systematik der Pflanzen,NLM_100954729,Electronic,,,,,,Yes,Permanently Retained,,Years,,No,No,Yes,,,In Repository
ADD,RANGE,Plant systematics and evolution = Entwicklungsgeschichte und Systematik der Pflanzen,NLM_100954729,Electronic,,,1974,,,Yes,Permanently Retained,,Years,,No,No,Yes,,,In Repository
ADD,RANGE,Plant systematics and evolution = Entwicklungsgeschichte und Systematik der Pflanzen,NLM_100954729,Electronic,,,1997,,,Yes,Permanently Retained,,Years,,No,No,Yes,,,In Repository
ADD,RANGE,Plant systematics and evolution = Entwicklungsgeschichte und Systematik der Pflanzen,NLM_100954729,Electronic,,,1998,,,Yes,Permanently Retained,,Years,,No,No,Yes,,,In Repository
ADD,RANGE,Plant systematics and evolution = Entwicklungsgeschichte und Systematik der Pflanzen,NLM_100954729,Electronic,,,2003,,,Yes,Permanently Retained,,Years,,No,No,Yes,,,In Repository
ADD,HOLDING,Psychological medicine,NLM_1254142,Electronic,,,,,,No,Permanently Retained,,Years,,No,No,Yes,,,In Repository
ADD,RANGE,Psychological medicine,NLM_1254142,Electronic,,,1970,1996,,No,Permanently Retained,,Years,,No,No,Yes,,,In Repository
ADD,RANGE,Psychological medicine,NLM_1254142,Electronic,,,1997,2001,,No,Permanently Retained,,Years,,No,No,Yes,,,In Repository
ADD,RANGE,Psychological medicine,NLM_1254142,Electronic,,,1997,,,No,Permanently Retained,,Years,,No,No,Yes,,,In Repository
ADD,RANGE,Psychological medicine,NLM_1254142,Electronic,,,2025,,,No,Permanently Retained,,Years,,No,No,Yes,,,In Repository
ADD,HOLDING,Receptors and channels,NLM_9315376,Electronic,,,,,,No,Permanently Retained,,Years,,No,No,Yes,,,In Repository
ADD,RANGE,Receptors and channels,NLM_9315376,Electronic,,,2002,2004,,No,Permanently Retained,,Years,,No,No,Yes,,,In Repository
ADD,HOLDING,Urologia internationalis,NLM_0417373,Electronic,,,,,,Yes,Permanently Retained,,Years,,No,No,Yes,,,In Repository
ADD,RANGE,Urologia internationalis,NLM_0417373,Electronic,,,1998,,,Yes,Permanently Retained,,Years,,No,No,Yes,,,In Repository
ADD,RANGE,Urologia internationalis,NLM_0417373,Electronic,,,2015,,,Yes,Permanently Retained,,Years,,No,No,Yes,,,In Repository
