action,record_type,serial_title,nlm_unique_id,holdings_format,begin_volume,end_volume,begin_year,end_year,issns,currently_received,retention_policy,limited_retention_period,limited_retention_type,embargo_period,has_epub_ahead_of_print,has_supplements,ignore_warnings,last_modified
,HOLDING,"American journal of orthopedics (Belle Mead, N.J.)",9502918,Electronic,,,,,"1078-4519 (Print), 1934-3418 (Electronic)",Yes,Permanently Retained,0,Years,0,No,No,Yes,2018-Oct-12
,RANGE,"American journal of orthopedics (Belle Mead, N.J.)",9502918,Electronic,36,,2007,,"1078-4519 (Print), 1934-3418 (Electronic)",Yes,Permanently Retained,0,Years,0,No,No,Yes,2018-Oct-12
,HOLDING,"Annals of ophthalmology (Skokie, Ill.)",100893534,Electronic,,,,,"1530-4086 (Print), 1558-9951 (Electronic)",No,Permanently Retained,0,Years,0,No,No,No,2018-Oct-12
,RANGE,"Annals of ophthalmology (Skokie, Ill.)",100893534,Electronic,32,39,2000,2007,"1530-4086 (Print), 1558-9951 (Electronic)",No,Permanently Retained,0,Years,0,No,No,No,2018-Oct-12
,HOLDING,Annals of the New York Academy of Sciences,7506858,Electronic,,,,,"0077-8923 (Print), 1749-6632 (Electronic)",Yes,Permanently Retained,0,Years,0,No,No,No,2018-Oct-12
,RANGE,Annals of the New York Academy of Sciences,7506858,Electronic,10,,1897,,"0077-8923 (Print), 1749-6632 (Electronic)",Yes,Permanently Retained,0,Years,0,No,No,No,2018-Oct-12
,HOLDING,Annual review of immunology,8309206,Electronic,,,,,"0732-0582 (Print), 1545-3278 (Electronic)",Yes,Permanently Retained,0,Years,0,No,No,No,2018-Oct-12
,RANGE,Annual review of immunology,8309206,Electronic,1,,1983,,"0732-0582 (Print), 1545-3278 (Electronic)",Yes,Permanently Retained,0,Years,0,No,No,No,2018-Oct-12
,HOLDING,Biomedical sciences instrumentation,0140524,Electronic,,,,,"0067-8856 (Print), 1938-1158 (CD-ROM)",No,Permanently Retained,0,Years,0,No,No,No,2018-Oct-12
,RANGE,Biomedical sciences instrumentation,0140524,Electronic,44,44,2008,2008,"0067-8856 (Print), 1938-1158 (CD-ROM)",No,Permanently Retained,0,Years,0,No,No,No,2018-Oct-12
,HOLDING,Canadian journal of nursing leadership,100888575,Electronic,,,,,1481-9643 (Print),Yes,Permanently Retained,0,Years,0,No,No,Yes,2018-Oct-12
,RANGE,Canadian journal of nursing leadership,100888575,Electronic,12,,1999,,1481-9643 (Print),Yes,Permanently Retained,0,Years,0,No,No,Yes,2018-Oct-12
,HOLDING,"Cellular and molecular biology (Noisy-le-Grand, France)",9216789,Electronic,,,,,"0145-5680 (Print), 1165-158X (Electronic)",Yes,Permanently Retained,0,Years,0,No,No,No,2018-Oct-12
,RANGE,"Cellular and molecular biology (Noisy-le-Grand, France)",9216789,Electronic,50,,2004,,"0145-5680 (Print), 1165-158X (Electronic)",Yes,Permanently Retained,0,Years,0,No,No,No,2018-Oct-12
,HOLDING,Cleveland Clinic journal of medicine,8703441,Electronic,,,,,"0891-1150 (Print), 1939-2869 (Electronic)",Yes,Permanently Retained,0,Years,0,No,No,No,2018-Oct-12
,RANGE,Cleveland Clinic journal of medicine,8703441,Electronic,68,,2001,,"0891-1150 (Print), 1939-2869 (Electronic)",Yes,Permanently Retained,0,Years,0,No,No,No,2018-Oct-12
,HOLDING,International journal of health care quality assurance,8916799,Electronic,,,,,"0952-6862 (Print), 1758-6542 (Electronic)",Yes,Permanently Retained,0,Years,0,No,No,No,2018-Oct-12
,RANGE,International journal of health care quality assurance,8916799,Electronic,7,,1994,,"0952-6862 (Print), 1758-6542 (Electronic)",Yes,Permanently Retained,0,Years,0,No,No,No,2018-Oct-12
,HOLDING,Investigative ophthalmology & visual science,7703701,Electronic,,,,,"0146-0404 (Print), 1552-5783 (Electronic)",Yes,Permanently Retained,0,Years,0,No,No,No,2018-Oct-12
,RANGE,Investigative ophthalmology & visual science,7703701,Electronic,1,,,,"0146-0404 (Print), 1552-5783 (Electronic)",Yes,Permanently Retained,0,Years,0,No,No,No,2018-Oct-12
,HOLDING,Journal of psychosomatic obstetrics and gynaecology,8308648,Electronic,,,,,"0167-482X (Print), 1743-8942 (Electronic)",No,Permanently Retained,0,Years,0,No,No,No,2018-Oct-12
,RANGE,Journal of psychosomatic obstetrics and gynaecology,8308648,Electronic,25,29,2004,2008,"0167-482X (Print), 1743-8942 (Electronic)",No,Permanently Retained,0,Years,0,No,No,No,2018-Oct-12
,HOLDING,Journal of rehabilitation medicine,101088169,Electronic,,,,,"1650-1977 (Print), 1651-2081 (Electronic)",Yes,Permanently Retained,0,Years,0,No,No,No,2018-Oct-12
,RANGE,Journal of rehabilitation medicine,101088169,Electronic,33,,2001,,"1650-1977 (Print), 1651-2081 (Electronic)",Yes,Permanently Retained,0,Years,0,No,No,No,2018-Oct-12
,HOLDING,Modern healthcare,7801798,Electronic,,,,,0160-7480 (Print),Yes,Permanently Retained,0,Years,0,No,No,No,2018-Oct-12
,RANGE,Modern healthcare,7801798,Electronic,,,1990,,0160-7480 (Print),Yes,Permanently Retained,0,Years,0,No,No,No,2018-Oct-12
,HOLDING,"Nursing leadership (Toronto, Ont.)",101470760,Electronic,,,,,"1910-622X (Print), 1929-6355 (Electronic)",Yes,Permanently Retained,0,Years,0,No,No,No,2018-Oct-12
,RANGE,"Nursing leadership (Toronto, Ont.)",101470760,Electronic,16,,2003,,"1910-622X (Print), 1929-6355 (Electronic)",Yes,Permanently Retained,0,Years,0,No,No,No,2018-Oct-12
,HOLDING,Nursing times,0423236,Electronic,,,,,0954-7762 (Print),Yes,Permanently Retained,0,Years,0,No,No,No,2018-Oct-12
,RANGE,Nursing times,0423236,Electronic,96,,2000,,0954-7762 (Print),Yes,Permanently Retained,0,Years,0,No,No,No,2018-Oct-12
,HOLDING,"Reproduction, fertility, and development",8907465,Electronic,,,,,"1031-3613 (Print), 1448-5990 (Electronic)",Yes,Permanently Retained,0,Years,0,No,No,No,2018-Oct-12
,RANGE,"Reproduction, fertility, and development",8907465,Electronic,1,,1989,,"1031-3613 (Print), 1448-5990 (Electronic)",Yes,Permanently Retained,0,Years,0,No,No,No,2018-Oct-12
,HOLDING,The Journal of the Association of Physicians of India,7505585,Electronic,,,,,0004-5772 (Print),Yes,Permanently Retained,0,Years,0,No,No,No,2018-Oct-12
,RANGE,The Journal of the Association of Physicians of India,7505585,Electronic,48,,2000,,0004-5772 (Print),Yes,Permanently Retained,0,Years,0,No,No,No,2018-Oct-12
,HOLDING,The New Zealand medical journal,0401067,Electronic,,,,,"0028-8446 (Print), 1175-8716 (Electronic)",Yes,Permanently Retained,0,Years,0,No,No,No,2018-Oct-12
,RANGE,The New Zealand medical journal,0401067,Electronic,112,,1999,,"0028-8446 (Print), 1175-8716 (Electronic)",Yes,Permanently Retained,0,Years,0,No,No,No,2018-Oct-12
,HOLDING,The Physician and sportsmedicine,0427461,Electronic,,,,,"0091-3847 (Print), 2326-3660 (Electronic)",No,Permanently Retained,0,Years,0,No,No,No,2018-Oct-12
,RANGE,The Physician and sportsmedicine,0427461,Electronic,29,33,2001,2005,"0091-3847 (Print), 2326-3660 (Electronic)",No,Permanently Retained,0,Years,0,No,No,No,2018-Oct-12
,HOLDING,Topics in clinical nutrition,8704634,Electronic,,,,,0883-5691 (Print),No,Permanently Retained,0,Years,0,No,No,No,2018-Oct-12
,RANGE,Topics in clinical nutrition,8704634,Electronic,,,1999,2005,0883-5691 (Print),No,Permanently Retained,0,Years,0,No,No,No,2018-Oct-12
,HOLDING,Topics in emergency medicine,7906354,Electronic,,,,,0164-2340 (Print),No,Permanently Retained,0,Years,0,No,No,No,2018-Oct-12
,RANGE,Topics in emergency medicine,7906354,Electronic,,,1999,2005,0164-2340 (Print),No,Permanently Retained,0,Years,0,No,No,No,2018-Oct-12
,HOLDING,WMJ : official publication of the State Medical Society of Wisconsin,9716054,Electronic,,,,,"1098-1861 (Print), 2379-3961 (Electronic)",Yes,Permanently Retained,0,Years,0,No,No,No,2018-Oct-12
,RANGE,WMJ : official publication of the State Medical Society of Wisconsin,9716054,Electronic,102,,2003,,"1098-1861 (Print), 2379-3961 (Electronic)",Yes,Permanently Retained,0,Years,0,No,No,No,2018-Oct-12
